business_name,pan,gstin,address,pincode,district,state,registration_date,last_activity_date,department,business_status
Vertex Solutions Enterprises,RPIWK6623K,19RPIWK6623K3ZO,"H.No. 97
Uppal Marg",394277,Kolkata,West Bengal,05-02-2013,14-02-2026,Food & Beverage,Active
Orion Manufacturing Solutions,PDTOU5030L,38PDTOU5030L5ZZ,"H.No. 591
Sehgal",610060,New Delhi,Delhi,16-05-2015,22-01-2026,Finance,Active
BlueNova Retail Enterprises,JBWJZ2990U,22JBWJZ2990U9ZL,"071, Sekhon Street",288129,New Delhi,Delhi,03-08-2013,18-03-2015,Construction,Closed
Apex Technologies Solutions,QVPTF0285U,34QVPTF0285U6ZE,"01/364, Shankar Path",792183,Kolkata,West Bengal,21-10-2018,05-02-2026,Manufacturing,Active
Vertex Solutions Solutions,HGBGJ7133C,10HGBGJ7133C8ZJ,"13/250
Srivastava Nagar",709687,Siliguri,West Bengal,27-01-2018,04-08-2025,Healthcare,Dormant
Nova Finance LLP,VOZBQ1888C,34VOZBQ1888C6ZP,"968, Mani Circle",436439,Surat,Gujarat,28-05-2015,09-04-2026,Retail,Active
BlueNova Retail Industries,RXUSJ9551A,28RXUSJ9551A7ZT,"78/19, Sarna Ganj",486675,Warangal,Telangana,18-01-2022,04-05-2026,Logistics,Active
BlueNova Retail Industries,ZLVHK6128X,25ZLVHK6128X9ZY,"20/949
Thakkar Street",243237,Hyderabad,Telangana,22-05-2018,07-06-2024,Finance,Dormant
Zenith Healthcare Enterprises,UECLL4769D,11UECLL4769D6ZM,"H.No. 12, Taneja",175640,New Delhi,Delhi,14-06-2012,20-04-2026,Healthcare,Active
Skyline Foods Pvt Ltd,LJXLD1566R,34LJXLD1566R8ZP,"H.No. 85
Chaudry Road",341966,Pune,Maharashtra,09-10-2019,20-03-2024,Retail,Dormant
Titan Construction Solutions,DCCFF2527J,15DCCFF2527J9ZB,"H.No. 386, Bassi Path",3861,Ahmedabad,Gujarat,18-02-2021,25-08-2024,Technology,Closed
Vertex Solutions Pvt Ltd,PLRWG0457Y,11PLRWG0457Y9ZE,"76/52
Shroff",178943,Bengaluru,Karnataka,27-06-2016,17-01-2026,Logistics,Active
Quantum Logistics Enterprises,PNKOG7095X,,"91/060, Trivedi Road",545722,Surat,Gujarat,03-03-2018,18-02-2026,Services,Active
Skyline Foods Solutions,LBFCA3965W,29LBFCA3965W3ZB,"77/477, Taneja Road",74438,Hyderabad,Telangana,01-02-2021,19-04-2026,Food & Beverage,Active
Zenith Healthcare Enterprises,RSAMD2606D,37RSAMD2606D3ZN,"36/887, Devan Zila",486825,Siliguri,West Bengal,18-09-2020,26-03-2026,Finance,Active
Quantum Logistics Pvt Ltd,IOKGW9610V,14IOKGW9610V5ZL,"H.No. 07, Kamdar Chowk",569301,Kolkata,West Bengal,16-10-2018,13-02-2026,Manufacturing,Active
Quantum Logistics Solutions,CCZUN6262V,23CCZUN6262V4ZD,"212
Rajagopal",205548,Kolkata,West Bengal,23-01-2022,28-08-2024,Finance,Dormant
Titan Construction Enterprises,GXBQV0319F,33GXBQV0319F9ZO,"09/69
Gopal Ganj",955292,Siliguri,West Bengal,05-08-2019,30-04-2026,Healthcare,Active
Apex Technologies Solutions,ZEQWM6722B,34ZEQWM6722B4ZC,"39, Apte Road",252153,Kolkata,West Bengal,01-01-2022,09-10-2025,Healthcare,Dormant
Zenith Healthcare Industries,TNQHC2235E,14TNQHC2235E7ZH,"H.No. 89
Biswas Street",416336,Surat,Gujarat,05-06-2013,12-09-2025,Logistics,Dormant
Titan Construction Industries,SYQFQ2369U,,"57/537, Comar Marg",2831,Madurai,Tamil Nadu,25-03-2017,21-11-2024,Services,Dormant
Quantum Logistics Enterprises,PNKOG7095X,33PNKOG7095X4ZX,"91/060, Trivedi Road",545722,Surat,Gujarat,03-03-2018,18-02-2026,Services,Active
Quantum Logistics Enterprises,IVWZD3923M,20IVWZD3923M8ZJ,"38/852
Vasa Chowk",479216,Warangal,Telangana,01-12-2022,18-12-2024,Education,Dormant
Nova Finance LLP,QUGZO0374Z,25QUGZO0374Z9ZL,"890, Shah Ganj",808959,Ahmedabad,Gujarat,19-03-2017,21-04-2026,Services,Active
Zenith Healthcare Industries,DNTEF4795J,13DNTEF4795J5ZG,"24, Rout Street",64242,Bengaluru,Karnataka,07-02-2015,06-04-2026,Food & Beverage,Active
EduSpark Learning Solutions,DZMHX0873K,24DZMHX0873K4ZZ,"62/50, Kothari",540373,Vadodara,Gujarat,08-09-2021,15-03-2026,Construction,Active
Orion Manufacturing Pvt Ltd,VCWQR1921F,20VCWQR1921F7ZR,"65, Uppal Road",379810,Chennai,Tamil Nadu,13-05-2020,24-03-2026,Healthcare,Active
Apex Tech Enterprises,SABEG0894O,30SABEG0894O7ZM,"41, Ramaswamy Marg",201777,Kolkata,West Bengal,04-02-2017,17-02-2026,Technology,Active
Orion Manufacturing Enterprises,GYLWO0989Y,37GYLWO0989Y3ZH,"07/073
Char Marg",511928,Ahmedabad,Gujarat,12-02-2019,17-04-2026,Technology,Active
Nova Finance LLP,ZQVGX9033K,37ZQVGX9033K9ZI,"H.No. 602, Sethi",699713,Nagpur,Maharashtra,11-04-2020,02-03-2021,Services,Closed
Vertex Solutions Enterprises,LBRAW5772V,37LBRAW5772V9ZK,"739, Som",5134,Surat,Gujarat,25-09-2021,22-02-2024,Retail,Dormant
Apex Technologies Enterprises,UETWH0269K,19UETWH0269K9ZO,"H.No. 515, Kurian Ganj",388405,Ahmedabad,Gujarat,05-10-2021,27-04-2026,Construction,Active
Vertex Solutions LLP,CLIDJ7448C,15CLIDJ7448C5ZZ,"82/46
Wagle Road",605350,Hubli,Karnataka,14-07-2023,28-01-2026,Healthcare,Active
EduSpark Learning Pvt Ltd,RKICR4564H,11RKICR4564H3ZE,"16/77
Ravel Road",691084,Mysuru,Karnataka,08-01-2013,07-10-2025,Healthcare,Dormant
Orion Manufacturing Industries,OYNXV1740I,,"H.No. 51, Kapur Nagar",894138,Madurai,Tamil Nadu,23-12-2012,12-02-2026,Retail,Active
Nova Finance Pvt Ltd,FKXPS8730L,19FKXPS8730L7ZY,"H.No. 54, Grover Road",336828,New Delhi,Delhi,26-05-2019,09-02-2026,Services,Active
Titan Construction Industries,QHGUK4614O,16QHGUK4614O3ZK,"44
Andra Street",93665,Vadodara,Gujarat,04-01-2017,15-08-2019,Logistics,Closed
Zenith Healthcare Pvt Ltd,RKHBU3568K,10RKHBU3568K5ZD,"H.No. 65, Garg Marg",706734,Hyderabad,Telangana,02-01-2014,11-04-2026,Services,Active
Apex Technologies Solutions,JOERN3957Q,27JOERN3957Q7ZA,"53/34, Raj Path",866245,Coimbatore,Tamil Nadu,18-07-2020,26-03-2026,Manufacturing,Active
Quantum Logistics Industries,DUTDZ1506O,21DUTDZ1506O4ZX,"55
Gandhi Street",527191,Pune,Maharashtra,25-05-2013,12-09-2016,Finance,Closed
Nova Finance Pvt Ltd,LODPG3711K,29LODPG3711K5ZB,"H.No. 241, Kala",906876,Kolkata,West Bengal,01-01-2021,02-05-2024,Logistics,Dormant
Orion Manufacturing LLP,TETMT0664P,22TETMT0664P1ZA,"H.No. 408, Saran Ganj",209524,Pune,Maharashtra,21-12-2021,28-03-2026,Logistics,Active
Vertex Solutions Industries,LLPKF5316S,25LLPKF5316S5ZQ,"H.No. 055
Dhawan Ganj",347278,Hyderabad,Telangana,08-01-2011,27-02-2026,Retail,Active
Vertex Solutions Pvt Ltd,VRDCN7122J,18VRDCN7122J1ZO,"24/869
Mannan Marg",130500,Nagpur,Maharashtra,28-03-2012,07-10-2025,Logistics,Dormant
Titan Construction Pvt Ltd,QGRHF0977D,24QGRHF0977D5ZF,"H.No. 957
Ahuja Ganj",909160,Siliguri,West Bengal,26-08-2010,02-02-2026,Logistics,Active
Orion Manufacturing Enterprises,LBVBW8654R,35LBVBW8654R1ZX,"59/52
Bhardwaj Ganj",60300,New Delhi,Delhi,02-02-2020,11-02-2024,Logistics,Closed
Quantum Logistics Solutions,OLBJY9036V,13OLBJY9036V9ZL,"67/65
Dass Marg",74713,New Delhi,Delhi,12-02-2019,20-10-2020,Retail,Closed
Titan Construction LLP,YLVVZ0607O,26YLVVZ0607O3ZQ,"H.No. 72, Bahri Road",913041,New Delhi,Delhi,01-03-2018,08-04-2026,Logistics,Active
Titan Construction Solutions,CJAGZ9671F,15CJAGZ9671F3ZS,"97/320
Sathe Chowk",791110,Mysuru,Karnataka,04-11-2020,21-11-2021,Construction,Closed
EduSpark Learning Pvt Ltd,SBYCU3074M,36SBYCU3074M1ZV,"14/74
Chhabra Ganj",591145,Kolkata,West Bengal,18-08-2020,16-04-2026,Education,Active
Apex Technologies Pvt Ltd,QGSID3518J,19QGSID3518J9ZO,"H.No. 51, Sahota Ganj",443265,Hyderabad,Telangana,18-05-2023,20-03-2026,Healthcare,Active
EduSpark Learning Pvt Ltd,XTPAF6850Y,31XTPAF6850Y1ZI,"H.No. 46
Tella",834261,Ahmedabad,Gujarat,06-12-2013,20-02-2026,Manufacturing,Active
Skyline Foods Enterprises,NBWEE7861X,26NBWEE7861X1ZA,"H.No. 402, Buch Path",284923,Kolkata,West Bengal,11-04-2010,15-03-2026,Healthcare,Active
Nova Finance Solutions,XBDDE3739J,37XBDDE3739J5ZC,"140, Balakrishnan Circle",121773,Bengaluru,Karnataka,28-05-2014,01-05-2024,Manufacturing,Dormant
EduSpark Learning Industries,AGDKC0435O,26AGDKC0435O1ZH,"H.No. 304
Din Path",907101,Hyderabad,Telangana,11-09-2021,21-02-2026,Technology,Active
EduSpark Learning Industries,SZOUT9445A,25SZOUT9445A5ZD,"73
Samra Circle",854685,Madurai,Tamil Nadu,08-07-2011,03-02-2026,Retail,Active
BlueNova Retail LLP,VTZMS4324E,18VTZMS4324E2ZG,"H.No. 94
Deshmukh Path",925741,Vadodara,Gujarat,21-09-2010,13-09-2024,Technology,Dormant
Apex Technologies LLP,MCMPN9991S,23MCMPN9991S9ZL,"H.No. 278, Sahota Path",479960,Madurai,Tamil Nadu,16-11-2013,03-09-2025,Finance,Dormant
Titan Construction Industries,PPPJV6872T,28PPPJV6872T3ZC,"46/42
Ahuja Marg",258690,Siliguri,West Bengal,09-01-2017,05-04-2026,Logistics,Active
BlueNova Retail LLP,OKDQA7243L,19OKDQA7243L6ZX,"70/295, Saraf Chowk",639379,Chennai,Tamil Nadu,24-09-2022,21-01-2026,Healthcare,Active
Titan Construction Industries,COBON5135D,31COBON5135D8ZG,"24/25, Wali Street",956330,New Delhi,Delhi,15-01-2012,11-05-2015,Construction,Closed
Orion Manufacturing LLP,DTXUU6667U,25DTXUU6667U5ZJ,"01
Bahl Street",531211,Madurai,Tamil Nadu,22-05-2019,09-02-2026,Services,Active
Orion Manufacturing Enterprises,GYLWO0989Y,37GYLWO0989Y3ZH,"H.No. 84, Khatri Marg",511928,Ahmedabad,Gujarat,12-02-2019,17-04-2026,Technology,Active
Nova Finance Pvt Ltd,TWLLA2277S,13TWLLA2277S9ZZ,"684, Basu Zila",65909,Siliguri,West Bengal,12-03-2014,19-04-2026,Manufacturing,Active
EduSpark Learning Pvt Ltd,LGTXC5520X,35LGTXC5520X9ZA,"91/523, Raja Nagar",218070,Madurai,Tamil Nadu,23-08-2012,27-03-2026,Logistics,Active
Titan Construction Enterprises,FGXIV5160H,35FGXIV5160H1ZQ,"76/590, Issac Road",124749,Bengaluru,Karnataka,29-12-2018,16-03-2026,Manufacturing,Active
Vertex Solutions Solutions,SEGRP8177R,16SEGRP8177R4ZP,"172
Basak Nagar",377247,Surat,Gujarat,20-06-2017,18-01-2026,Retail,Active
Quantum Logistics LLP,EXVAF9205D,21EXVAF9205D1ZW,"H.No. 75
Malhotra Road",618899,Coimbatore,Tamil Nadu,01-06-2018,01-09-2020,Services,Closed
Titan Construction Industries,GZJAY8671J,36GZJAY8671J3ZP,"H.No. 386
Deshmukh Path",880616,Pune,Maharashtra,09-07-2020,14-05-2026,Technology,Active
Nova Finance Solutions,MQSCV6399Q,11MQSCV6399Q4ZH,"09/92, Magar Ganj",903373,Surat,Gujarat,18-09-2022,09-05-2026,Manufacturing,Active
Skyline Foods Pvt Ltd,GGBGC0379N,25GGBGC0379N6ZM,"H.No. 08
Chauhan Nagar",363294,Warangal,Telangana,01-04-2022,28-01-2026,Services,Active
Quantum Logistics LLP,RVTRN6433F,16RVTRN6433F8ZK,"84
Krishnan Road",577667,New Delhi,Delhi,22-04-2014,27-04-2026,Manufacturing,Active
Nova Finance Solutions,QVRBS7800N,13QVRBS7800N1ZO,"H.No. 735, Sahni Marg",940886,New Delhi,Delhi,08-12-2016,13-01-2024,Finance,Dormant
Skyline Foods LLP,SSKGI2463L,26SSKGI2463L8ZP,"18/52, Rau Road",40730,Kolkata,West Bengal,18-03-2012,24-07-2024,Logistics,Dormant
BlueNova Retail Industries,AFDVV9255M,31AFDVV9255M6ZR,"80/080, Atwal Nagar",85220,New Delhi,Delhi,11-08-2018,26-06-2025,Finance,Dormant
Quantum Logistics LLP,RQMYJ3165J,,"29/43
Kala Path",485315,Hyderabad,Telangana,20-10-2015,23-04-2024,Healthcare,Dormant
Vertex Solutions Pvt Ltd,NGQGJ7094H,32NGQGJ7094H5ZH,"H.No. 96
Vala Circle",193095,Hyderabad,Telangana,23-10-2011,21-01-2024,Finance,Dormant
Titan Construction Solutons,NSHVJ6957X,37NSHVJ6957X1ZW,"H.No. 854
Raju Marg",565352,New Delhi,Delhi,22-05-2023,20-02-2026,Services,Active
BlueNova Retail LLP,PKBBS8518E,20PKBBS8518E6ZT,"78, Dey Zila",784110,New Delhi,Delhi,24-08-2013,25-02-2026,Manufacturing,Active
Nova Finance LLP,BRQCU8619Z,11BRQCU8619Z9ZL,"14/434, Lala Circle",956516,Siliguri,West Bengal,11-08-2019,07-09-2025,Logistics,Dormant
Zenith Healthcare LLP,GKAUT0966A,17GKAUT0966A5ZI,"081, Bhakta Zila",336015,Hyderabad,Telangana,05-03-2016,27-03-2026,Construction,Active
Quantum Logistics Pvt Ltd,OHHES7132G,35OHHES7132G4ZE,"H.No. 86
Vyas Path",216865,Warangal,Telangana,30-01-2021,05-03-2026,Construction,Active
Skyline Foods LLP,TJDOE8995C,36TJDOE8995C1ZV,"09, Yogi Street",941326,Siliguri,West Bengal,22-02-2010,27-01-2026,Finance,Active
Skyline Foods Solutions,GOYRC8773J,23GOYRC8773J8ZF,"H.No. 581
Shetty Ganj",121907,Vadodara,Gujarat,27-01-2010,15-05-2012,Healthcare,Closed
Nova Finance Pvt Ltd,MXBCP0265K,22MXBCP0265K9ZT,"83, Sha Marg",894669,Surat,Gujarat,12-08-2016,26-02-2026,Finance,Active
Orion Manufacturing Industries,OYNXV1740I,37OYNXV1740I3ZU,"H.No. 51, Kapur Nagar",894138,Madurai,Tamil Nadu,23-12-2012,12-02-2026,Retail,Active
EduSpark Learning Industries,USXAS9551Z,38USXAS9551Z9ZP,"H.No. 315, Bora Road",969505,Bengaluru,Karnataka,06-12-2016,10-05-2026,Retail,Active
BlueNova Retail Enterprises,BLGVO1606Z,27BLGVO1606Z4ZN,"19/945, Shankar Street",947645,Surat,Gujarat,02-06-2022,26-03-2026,Education,Active
Skyline Foods Enterprises,TTLYO6686E,24TTLYO6686E8ZC,"H.No. 088
Bal Road",566904,Hubli,Karnataka,02-12-2019,08-02-2025,Logistics,Dormant
Nova Finance LLP,CLOCM3970M,23CLOCM3970M9ZB,"H.No. 373
Mandal Marg",302379,New Delhi,Delhi,26-04-2022,03-05-2026,Services,Active
Titan Construction LLP,PPEQX3908C,11PPEQX3908C5ZU,"72/813
Hari",801785,New Delhi,Delhi,23-09-2014,16-09-2024,Technology,Dormant
Apex Technologies Solutions,NSPRJ6902M,21NSPRJ6902M7ZV,"258, Venkatesh Street",120873,Chennai,Tamil Nadu,04-02-2019,09-03-2026,Finance,Active
Orion Manufacturing Solutons,NSBED7716G,13NSBED7716G4ZM,"31
Jayaraman Road",519173,Coimbatore,Tamil Nadu,02-04-2020,05-05-2025,Finance,Dormant
Orion Manufacturing Enterprises,GMPJA8127K,18GMPJA8127K5ZT,"78, Chand Marg",349804,Hyderabad,Telangana,20-06-2022,20-04-2026,Education,Active
Apex Technologies Solutions,CEPRG1825T,12CEPRG1825T9ZN,"H.No. 78, Ahluwalia Circle",711650,New Delhi,Delhi,04-02-2017,23-01-2019,Logistics,Closed
BlueNova Retail LLP,VYCGO4567M,24VYCGO4567M5ZO,"34/52, Devan Nagar",82498,Kolkata,West Bengal,15-03-2023,25-09-2025,Technology,Closed
Apex Technologies Solutions,DDROF6716X,32DDROF6716X3ZD,"95, Korpal Marg",332986,Bengaluru,Karnataka,23-12-2016,11-05-2026,Services,Active
Zenith Healthcare Solutions,NWWHU4958J,33NWWHU4958J8ZJ,"81, Baral Circle",890486,Mysuru,Karnataka,02-05-2013,14-03-2026,Food & Beverage,Active
Apex Technologies LLP,NJQRQ4405A,10NJQRQ4405A5ZQ,"H.No. 034
Bora",636996,Kolkata,West Bengal,06-01-2022,07-12-2022,Education,Closed
Zenith Healthcare Enterprises,PTLXO7331W,10PTLXO7331W2ZY,"36/408, Handa Chowk",697425,Mumbai,Maharashtra,15-07-2019,01-02-2026,Food & Beverage,Active
Orion Manufacturing Pvt Ltd,VCWQR1921F,20VCWQR1921F7ZR,"65, Uppal Road",379810,Chennai,Tamil Nadu,13-05-2020,24-03-2026,Healthcare,Active
Apex Technologies LLP,NOZMJ9455V,34NOZMJ9455V5ZX,"82/34
Raj Marg",370665,Warangal,Telangana,07-09-2023,13-04-2026,Manufacturing,Active
Quantum Logistics LLP,RQMYJ3165J,13RQMYJ3165J3ZP,"29/43
Kala Path",485315,Hyderabad,Telangana,20-10-2015,23-04-2024,Healthcare,Dormant
Vertex Solutions LLP,UJJOP6937S,14UJJOP6937S6ZQ,"H.No. 981
Bhatti",838035,Mumbai,Maharashtra,05-12-2018,09-04-2026,Finance,Active
Quantum Logistics Pvt Ltd,RMQYI6664W,19RMQYI6664W7ZU,"47/424
Sathe Road",427568,New Delhi,Delhi,13-08-2012,10-05-2026,Construction,Active
Zenith Healthcare Solutons,DLRTY4714D,36DLRTY4714D7ZP,"41
Dave Marg",660469,Mumbai,Maharashtra,10-04-2016,28-03-2026,Construction,Active
Skyline Foods LLP,FOYSD6526Q,17FOYSD6526Q4ZU,"85/23
Sarraf Circle",552817,Siliguri,West Bengal,07-03-2011,02-04-2026,Finance,Active
Apex Technologies Industries,ARWSC5240E,32ARWSC5240E2ZI,"H.No. 458
Grover Nagar",58002,Madurai,Tamil Nadu,26-12-2010,20-09-2014,Logistics,Closed
Vertex Solutions Pvt Ltd,RUZWW3481L,,"H.No. 779, Ramachandran Road",622257,New Delhi,Delhi,08-08-2011,25-05-2025,Retail,Dormant
Quantum Logistics Pvt Ltd,ITQUT3058F,36ITQUT3058F8ZY,"H.No. 97
Deo",289824,Kolkata,West Bengal,25-09-2020,01-07-2025,Construction,Dormant
Orion Manufacturing Solutions,AKFVC9619J,26AKFVC9619J5ZW,"86, Lata Circle",500630,Kolkata,West Bengal,27-04-2019,21-07-2024,Food & Beverage,Dormant
Orion Manufacturing Industries,MBLKM0226T,29MBLKM0226T8ZG,"H.No. 59
Kade Zila",20569,Mysuru,Karnataka,26-05-2012,14-05-2026,Logistics,Active
Apex Technologies Solutions,MIPUI1880E,28MIPUI1880E3ZW,"277, Dayal Zila",716542,New Delhi,Delhi,27-06-2012,08-11-2024,Logistics,Dormant
Nova Finance Industries,ZMMYN8706F,27ZMMYN8706F6ZJ,"H.No. 34, Barad Marg",644714,Siliguri,West Bengal,20-04-2012,19-02-2026,Construction,Active
Nova Finance Industries,RYCPX0916Z,14RYCPX0916Z6ZC,"06, Dhingra Nagar",389102,Bengaluru,Karnataka,30-09-2012,16-03-2026,Services,Active
Zenith Healthcare Industries,LAIRK1416A,22LAIRK1416A1ZS,"79, Sandhu Nagar",575242,Mysuru,Karnataka,19-11-2011,01-07-2025,Healthcare,Dormant
Nova Finance Pvt Ltd,TWLLA2277S,,"684, Basu Zila",65909,Siliguri,West Bengal,12-03-2014,19-04-2026,Manufacturing,Active
Titan Construction Enterprises,DWWAF8824L,32DWWAF8824L5ZG,"H.No. 858, Srinivasan Chowk",536153,Madurai,Tamil Nadu,06-04-2018,17-06-2024,Finance,Dormant
Titan Construction Solutions,NCCOP7804Y,12NCCOP7804Y9ZX,"27/207
Kade Ganj",255478,Surat,Gujarat,12-06-2015,23-04-2026,Healthcare,Active
Titan Construction Industries,WKACJ0027J,31WKACJ0027J3ZI,"52/05, Arya Marg",749833,New Delhi,Delhi,24-05-2011,18-01-2025,Food & Beverage,Dormant
Zenith Healthcare Pvt Ltd,XYKHS7446R,29XYKHS7446R5ZE,"26/59
Barman Chowk",266771,Pune,Maharashtra,16-11-2011,10-03-2026,Healthcare,Active
Apex Technologies Industries,GDCTO5002T,10GDCTO5002T4ZR,"63
Grewal Path",677547,Kolkata,West Bengal,23-03-2022,18-03-2026,Technology,Active
Vertex Solutions Pvt Ltd,RUZWW3481L,16RUZWW3481L5ZV,"H.No. 779, Ramachandran Road",622257,New Delhi,Delhi,08-08-2011,25-05-2025,Retail,Dormant
Zenith Healthcare Pvt Ltd,UXIIK8406J,21UXIIK8406J1ZY,"31/75, Shetty Circle",486324,Pune,Maharashtra,12-06-2017,01-02-2026,Education,Active
BlueNova Retail LLP,NOUEC8629E,17NOUEC8629E5ZO,"95/954
Venkataraman Nagar",698864,Coimbatore,Tamil Nadu,22-04-2020,13-05-2026,Construction,Active
Orion Manufacturing Industries,PFDDT6454R,35PFDDT6454R4ZV,"99, Ahluwalia",127737,Kolkata,West Bengal,21-07-2015,16-03-2024,Finance,Dormant
Nova Finance Industries,VDTWM3351T,12VDTWM3351T3ZI,"H.No. 45
Doshi Road",449364,Hyderabad,Telangana,30-01-2022,10-02-2026,Finance,Active
BlueNova Retail Enterprises,BVHIY0137R,38BVHIY0137R6ZC,"09/43
Randhawa Circle",159390,Kolkata,West Bengal,29-04-2023,07-11-2026,Education,Closed
Skyline Foods Enterprises,QUCSB9145Z,28QUCSB9145Z8ZV,"H.No. 96
Gade Marg",109187,Warangal,Telangana,24-01-2014,14-11-2024,Healthcare,Dormant
Nova Finance Pvt Ltd,LODPG3711K,,"H.No. 241, Kala",906876,Kolkata,West Bengal,01-01-2021,02-05-2024,Logistics,Dormant
Vertex Solutions Industries,ELGET7571U,38ELGET7571U7ZM,"404
Ganesh",846999,Chennai,Tamil Nadu,23-07-2021,24-03-2026,Healthcare,Active
Zenith Healthcare LLP,GCGOE4640J,32GCGOE4640J8ZJ,"53/75
Ravi Zila",383680,New Delhi,Delhi,07-08-2011,19-02-2025,Services,Dormant
Vertex Solutions Industries,LLPKF5316S,25LLPKF5316S5ZQ,"84, Batra Path",347278,Hyderabad,Telangana,08-01-2011,27-02-2026,Retail,Active
Apex Technologies Enterprises,SABEG0894O,30SABEG0894O7ZM,"41, Ramaswamy Marg",201777,Kolkata,West Bengal,04-02-2017,17-02-2026,Technology,Active
BlueNova Retail Pvt Ltd,EYNUS1172D,34EYNUS1172D6ZA,"51/503
Tak Zila",574676,Nagpur,Maharashtra,19-08-2019,06-05-2026,Services,Active
Apex Technologies Enterprises,GULKY9571J,16GULKY9571J9ZB,"310, Rege Street",216643,Mysuru,Karnataka,15-05-2011,19-09-2025,Construction,Dormant
Skyline Foods LLP,FOYSD6526Q,,"85/23
Sarraf Circle",552817,Siliguri,West Bengal,07-03-2011,02-04-2026,Finance,Active
Vertex Solutions LLP,LPGNO6932R,,"37/854
Jaggi Zila",733287,Surat,Gujarat,04-01-2014,04-03-2026,Manufacturing,Active
Nova Finance Industries,FITJT8200R,11FITJT8200R4ZL,"88/072, Zacharia Ganj",244852,Pune,Maharashtra,17-07-2011,19-01-2024,Technology,Dormant
Titan Construction Pvt Ltd,QGRHF0977D,24QGRHF0977D5ZF,"H.No. 566, Chatterjee Ganj",909160,Siliguri,West Bengal,26-08-2010,02-02-2026,Logistics,Active
BlueNova Retail LLP,TOTLP3914Y,11TOTLP3914Y3ZD,"71/61
Suri Path",321732,Mysuru,Karnataka,03-08-2013,10-09-2024,Education,Dormant
Nova Finance Pvt Ltd,LPPNY8409W,38LPPNY8409W9ZZ,"99
Dhingra",228637,Siliguri,West Bengal,27-04-2023,21-08-2025,Retail,Dormant
Zenith Healthcare Enterprises,QMUCF6354Q,21QMUCF6354Q9ZN,"841, Sant Ganj",192652,Vadodara,Gujarat,02-06-2017,17-03-2026,Manufacturing,Active
Vertex Solutions Solutions,CDVBO4922K,35CDVBO4922K6ZM,"H.No. 764
Sangha Marg",754356,Vadodara,Gujarat,18-02-2017,15-04-2026,Retail,Active
Nova Finance Pvt Ltd,CTBWR1346X,12CTBWR1346X6ZL,"832, Ramaswamy Path",634648,Warangal,Telangana,07-02-2014,24-03-2026,Manufacturing,Active
Vertex Solutions Solutions,SJLUG6267J,34SJLUG6267J1ZW,"76
Tiwari",397197,Mumbai,Maharashtra,07-10-2016,26-02-2026,Education,Active
BlueNova Retail Industries,HDMLD5256L,12HDMLD5256L1ZM,"10/20, Kade",81483,Chennai,Tamil Nadu,14-10-2019,17-01-2026,Logistics,Active
Skyline Foods Enterprises,AYFRD6192U,21AYFRD6192U2ZI,"46/846
Sani Zila",320340,Mumbai,Maharashtra,05-05-2018,22-01-2024,Education,Dormant
Titan Construction Enterprises,KDJEQ6695P,19KDJEQ6695P3ZE,"H.No. 88
Sankaran",949835,Kolkata,West Bengal,21-01-2017,21-02-2024,Logistics,Dormant
Vertex Solutions LLP,UJJOP6937S,14UJJOP6937S6ZQ,"68/151, Borah Circle",838035,Mumbai,Maharashtra,05-12-2018,09-04-2026,Finance,Active
Skyline Foods Pvt Ltd,QROFQ3576W,31QROFQ3576W7ZB,"59
Sandhu Nagar",765353,Pune,Maharashtra,10-09-2018,03-02-2026,Logistics,Active
Titan Construction Solutions,VWAIT1318Y,29VWAIT1318Y3ZZ,"H.No. 713, Comar Ganj",455313,Hyderabad,Telangana,26-10-2019,29-03-2026,Retail,Active
BlueNova Retail Solutions,BNKNC2233G,34BNKNC2233G9ZT,"61/446
Bhandari",651392,New Delhi,Delhi,26-08-2020,10-07-2021,Logistics,Closed
Zenith Healthcare Industries,UBQNF7396E,17UBQNF7396E3ZD,"01/78, Kothari Circle",159281,Siliguri,West Bengal,28-09-2015,26-02-2026,Finance,Active
Skyline Foods Pvt Ltd,NLSKR1493W,22NLSKR1493W2ZU,"H.No. 86, Shan Ganj",983456,Chennai,Tamil Nadu,15-05-2017,07-03-2021,Logistics,Closed
Vertex Solutions Enterprises,DOPZC1778L,38DOPZC1778L5ZN,"662
Mangal Ganj",635525,New Delhi,Delhi,04-08-2018,10-04-2024,Technology,Dormant
EduSpark Learning Pvt Ltd,IIZTL6437R,32IIZTL6437R6ZT,"H.No. 94, Bhatt Nagar",569203,Siliguri,West Bengal,03-01-2015,21-05-2025,Manufacturing,Dormant
Titan Construction Pvt Ltd,ROKEJ7672R,14ROKEJ7672R8ZJ,"H.No. 96, Sahni Ganj",606870,Warangal,Telangana,14-11-2020,23-02-2026,Retail,Active
BlueNova Retail Solutions,BZRKT9402Q,33BZRKT9402Q9ZQ,"96/85
Varty Road",279349,Siliguri,West Bengal,08-01-2023,04-04-2025,Education,Dormant
Orion Manufacturing Pvt Ltd,VMJPG1225Z,33VMJPG1225Z4ZB,"584, Basak Nagar",302320,Bengaluru,Karnataka,30-11-2022,15-10-2024,Healthcare,Dormant
Titan Construction LLP,XDDMN5374X,38XDDMN5374X7ZQ,"H.No. 23
Lad Street",17883,Ahmedabad,Gujarat,16-04-2022,24-04-2026,Construction,Active
Orion Manufacturing LLP,DTXUU6667U,,"01
Bahl Street",531211,Madurai,Tamil Nadu,22-05-2019,09-02-2026,Services,Active
Nova Finance LLP,WRTLS1243R,29WRTLS1243R1ZW,"21/10
Chawla Path",152413,New Delhi,Delhi,09-08-2013,22-02-2026,Finance,Active
BlueNova Retail Enterprises,NXDUS2669G,13NXDUS2669G2ZE,"926
Bawa Road",480385,Nagpur,Maharashtra,21-02-2020,12-02-2026,Finance,Active
Nova Finance Enterprises,ZMKIC1446M,36ZMKIC1446M9ZY,"72/939, Manne Street",26938,Hubli,Karnataka,28-10-2010,04-04-2026,Finance,Active
EduSpark Learning Pvt Ltd,LGTXC5520X,35LGTXC5520X9ZA,"13/100
Mandal Chowk",218070,Madurai,Tamil Nadu,23-08-2012,27-03-2026,Logistics,Active
Titan Construction LLP,BYZHZ6439P,13BYZHZ6439P7ZH,"51
Chakrabarti Nagar",626423,Madurai,Tamil Nadu,30-10-2022,07-04-2026,Manufacturing,Active
Orion Manufacturing LLP,RMMOY7255M,36RMMOY7255M3ZL,"67/45
Shenoy Nagar",629141,Mysuru,Karnataka,07-07-2016,12-02-2026,Construction,Active
Apex Technologies Industries,FWWLF6735X,29FWWLF6735X4ZG,"16, Dyal Ganj",863792,New Delhi,Delhi,06-08-2016,16-02-2026,Healthcare,Active
Vertex Solutions Industries,VQMCF6941Z,22VQMCF6941Z8ZP,"H.No. 63
Dara Ganj",366701,Pune,Maharashtra,11-12-2015,06-03-2026,Logistics,Active
Skyline Foods Industries,WZGJW4349M,22WZGJW4349M3ZV,"H.No. 24
Atwal Zila",644902,Warangal,Telangana,09-02-2021,21-08-2022,Services,Closed
Titan Construction Enterprises,AFOHQ4547G,33AFOHQ4547G4ZR,"22/28, Dugar Chowk",697685,Chennai,Tamil Nadu,18-05-2013,23-03-2026,Food & Beverage,Active
Nova Finance Pvt Ltd,WDZIZ8918F,34WDZIZ8918F8ZC,"H.No. 25, Garg Chowk",507827,New Delhi,Delhi,17-06-2017,19-05-2025,Technology,Dormant
Nova Finance Industries,ZQORV7203I,12ZQORV7203I6ZG,"H.No. 70
De Path",333146,Mysuru,Karnataka,08-10-2014,07-10-2024,Construction,Dormant
Vertex Solutions Pvt Ltd,PLRWG0457Y,11PLRWG0457Y9ZE,"H.No. 65, Rana Path",178943,Bengaluru,Karnataka,27-06-2016,17-01-2026,Logistics,Active
Vertex Solutions Industries,OZJKE1846U,30OZJKE1846U1ZT,"H.No. 681, Baria Zila",260656,Mysuru,Karnataka,19-02-2011,12-03-2025,Services,Dormant
Skyline Foods LLP,PGKLQ8052L,24PGKLQ8052L6ZP,"H.No. 156
Bhasin Road",676302,Warangal,Telangana,20-01-2023,04-02-2026,Finance,Active
EduSpark Learning Industries,AGDKC0435O,,"H.No. 304
Din Path",907101,Hyderabad,Telangana,11-09-2021,21-02-2026,Technology,Active
EduSpark Learning Solutions,GBXJU1270Q,36GBXJU1270Q6ZY,"H.No. 72
Sehgal",75258,Ahmedabad,Gujarat,15-07-2021,17-08-2024,Manufacturing,Dormant
BlueNova Retail LLP,OKDQA7243L,,"70/295, Saraf Chowk",639379,Chennai,Tamil Nadu,24-09-2022,21-01-2026,Healthcare,Active
Apex Technologies Industries,UAJDX3427L,26UAJDX3427L5ZQ,"H.No. 928
Master Chowk",533563,Kolkata,West Bengal,09-09-2013,29-01-2026,Manufacturing,Active
EduSpark Learning LLP,MCXSN9866D,34MCXSN9866D3ZO,"H.No. 083
Singh",667649,New Delhi,Delhi,01-10-2013,26-08-2015,Education,Closed
Vertex Solutions LLP,UJJOP6937S,14UJJOP6937S6ZQ,"21, Kanda Circle",838035,Mumbai,Maharashtra,05-12-2018,09-04-2026,Finance,Active
Apex Technologies Pvt Ltd,OSDWM8544F,11OSDWM8544F8ZI,"84/414
Kuruvilla Path",217749,Mysuru,Karnataka,23-07-2012,02-10-2024,Services,Dormant
Skyline Foods Pvt Ltd,LJXLD1566R,34LJXLD1566R8ZP,"H.No. 85
Chaudry Road",341966,Pune,Maharashtra,09-10-2019,20-03-2024,Retail,Dormant
Skyline Foods Pvt Ltd,ZNDRY1569R,34ZNDRY1569R4ZX,"19/20
Dasgupta Path",207808,Nagpur,Maharashtra,28-12-2016,18-02-2026,Construction,Active
Skyline Foods Industries,RVKCN6836T,19RVKCN6836T2ZJ,"29/36
Verma",700345,Chennai,Tamil Nadu,21-10-2020,09-04-2026,Manufacturing,Active
Quantum Logistics Enterprises,BWTAO5721H,22BWTAO5721H4ZS,"34/630
Gokhale Circle",248493,Mysuru,Karnataka,14-03-2021,16-02-2026,Construction,Active
Titan Construction Solutions,NSHVJ6957X,37NSHVJ6957X1ZW,"H.No. 854
Raju Marg",565352,New Delhi,Delhi,22-05-2023,20-02-2026,Services,Active
EduSpark Learning Pvt Ltd,BKSMK4513C,24BKSMK4513C9ZO,"287
Sharaf Street",482366,Hyderabad,Telangana,23-09-2017,28-01-2026,Services,Active
Orion Manufacturing LLP,NKZQW7892T,25NKZQW7892T3ZP,"890
Mand Marg",491942,Mumbai,Maharashtra,03-12-2014,11-03-2024,Services,Dormant
Quantum Logistics Pvt Ltd,IOKGW9610V,14IOKGW9610V5ZL,"H.No. 07, Kamdar Chowk",569301,Kolkata,West Bengal,16-10-2018,13-02-2026,Manufacturing,Active
Nova Finance Industries,BBOJH3458T,31BBOJH3458T2ZT,"H.No. 49, Edwin Zila",798618,Siliguri,West Bengal,20-11-2012,01-12-2015,Logistics,Closed
Vertex Solutions LLP,FIPFF0629K,12FIPFF0629K4ZQ,"89/529, Thakkar Zila",845063,New Delhi,Delhi,31-03-2016,11-04-2025,Services,Dormant
Nova Finance LLP,RHITB4990G,26RHITB4990G3ZI,"14/17
Swamy",64396,Mysuru,Karnataka,30-10-2017,08-01-2020,Healthcare,Closed
Quantum Logistics Solutions,JTOUV9866A,29JTOUV9866A5ZV,"00/38
Krishna Nagar",478495,Bengaluru,Karnataka,26-08-2010,14-02-2026,Logistics,Active
Nova Finance Industries,VDTWM3351T,12VDTWM3351T3ZI,"03/724, Dara Nagar",449364,Hyderabad,Telangana,30-01-2022,10-02-2026,Finance,Active
Skyline Foods Pvt Ltd,UGVPJ7611G,36UGVPJ7611G1ZG,"44, Vasa Street",567648,Hyderabad,Telangana,15-10-2022,09-04-2026,Healthcare,Active
BlueNova Retail Enterprises,ATIYU8827D,22ATIYU8827D8ZB,"68/946, Keer Street",472347,Hyderabad,Telangana,28-12-2014,17-01-2026,Manufacturing,Active
Nova Finance LLP,QRKKW6042L,10QRKKW6042L5ZK,"24, Bandi Marg",482759,Mysuru,Karnataka,22-12-2016,13-03-2026,Finance,Active
Apex Technologies Enterprises,WOCVW2729E,36WOCVW2729E2ZN,"068
Chauhan Marg",754332,Mysuru,Karnataka,24-12-2014,24-11-2024,Education,Dormant
EduSpark Learning Enterprises,SKCAI8689C,23SKCAI8689C4ZD,"27/34
Sastry Road",628666,New Delhi,Delhi,10-10-2019,08-03-2026,Manufacturing,Active
Quantum Logistics Pvt Ltd,UKZVM3251P,35UKZVM3251P1ZK,"H.No. 076, Sangha Ganj",354800,Siliguri,West Bengal,12-01-2011,03-02-2026,Technology,Active
Vertex Solutions Solutions,GZFKV3780E,24GZFKV3780E4ZF,"342
Som Chowk",332646,Madurai,Tamil Nadu,24-09-2011,09-04-2026,Healthcare,Active
Nova Finance Industries,AWUZX7897H,29AWUZX7897H6ZZ,"H.No. 836
Bal",975967,Nagpur,Maharashtra,30-11-2014,20-02-2024,Healthcare,Dormant
EduSpark Learning Enterprises,SKCAI8689C,23SKCAI8689C4ZD,"38
Chauhan Street",628666,New Delhi,Delhi,10-10-2019,08-03-2026,Manufacturing,Active
Titan Construction LLP,PVGUU5299R,18PVGUU5299R3ZZ,"421, Srinivas Ganj",571644,Bengaluru,Karnataka,19-06-2012,21-10-2025,Logistics,Dormant
Nova Finance LLP,HENGF8140N,23HENGF8140N9ZR,"H.No. 197
Goyal",50422,Siliguri,West Bengal,03-01-2013,12-04-2026,Finance,Active
Vertex Solutions Enterprises,ZDZWS9983Z,22ZDZWS9983Z5ZA,"92
Kanda Nagar",492035,Siliguri,West Bengal,13-01-2022,28-03-2026,Manufacturing,Active
EduSpark Learning Solutions,GSILP2312Q,31GSILP2312Q3ZN,"16/53
Sridhar Chowk",780323,Hyderabad,Telangana,01-08-2023,15-03-2026,Services,Active
Vertex Solutions LLP,JTHUI2284U,28JTHUI2284U2ZS,"46
Doctor Street",869449,Siliguri,West Bengal,04-08-2020,20-03-2024,Education,Closed
Titan Construction Pvt Ltd,CRXOA9644B,32CRXOA9644B7ZQ,"750, Borah Nagar",741835,Nagpur,Maharashtra,23-02-2015,02-09-2018,Education,Closed
Apex Technologies Solutions,DXLPN9075N,36DXLPN9075N8ZS,"33/88, Mane Marg",931884,Warangal,Telangana,27-05-2021,19-05-2025,Healthcare,Dormant
Vertex Solutions Solutions,CDVBO4922K,35CDVBO4922K6ZM,"59/65, Thaker Path",754356,Vadodara,Gujarat,18-02-2017,15-04-2026,Retail,Active
Orion Manufacturing Industries,GRNUK9806D,32GRNUK9806D5ZQ,"326, Sampath Ganj",905359,Bengaluru,Karnataka,28-11-2015,03-03-2026,Education,Active
Titan Construction LLP,XDDMN5374X,38XDDMN5374X7ZQ,"H.No. 27
Venkatesh Street",17883,Ahmedabad,Gujarat,16-04-2022,24-04-2026,Construction,Active
Zenith Healthcare Industries,MLYMO3828C,19MLYMO3828C7ZA,"H.No. 40
Varghese Marg",438475,Kolkata,West Bengal,11-02-2011,02-03-2026,Retail,Active
Titan Construction Pvt Ltd,POIDJ6787J,29POIDJ6787J6ZJ,"H.No. 97
Dugal",903113,Hyderabad,Telangana,28-04-2012,17-04-2026,Construction,Active
Orion Manufacturing Solutions,XJZHP1952N,26XJZHP1952N9ZD,"H.No. 25
Thaker Street",219032,Nagpur,Maharashtra,16-08-2011,01-04-2026,Food & Beverage,Active
Nova Finance Industries,AWUZX7897H,29AWUZX7897H6ZZ,"H.No. 57, Mani Chowk",975967,Nagpur,Maharashtra,30-11-2014,20-02-2024,Healthcare,Dormant
Skyline Foods Industries,MCKLG5025U,31MCKLG5025U5ZP,"92/519
Babu Circle",521424,New Delhi,Delhi,14-01-2022,01-05-2026,Manufacturing,Active
EduSpark Learning Industries,MLFMX7105U,29MLFMX7105U2ZK,"H.No. 507
Varty Circle",62566,Vadodara,Gujarat,09-04-2015,31-03-2025,Healthcare,Dormant
Nova Finance Enterprises,XKVKS3329V,25XKVKS3329V2ZC,"57/38, Tandon Chowk",667898,Hyderabad,Telangana,01-12-2011,02-05-2026,Logistics,Active
Quantum Logistics Industries,DRCQX3463S,14DRCQX3463S6ZS,"47/54, Comar Street",44192,Siliguri,West Bengal,04-02-2017,11-11-2018,Retail,Closed
EduSpark Learning Enterprises,ECFES7722H,13ECFES7722H7ZB,"152, Sane Road",497688,Kolkata,West Bengal,28-10-2022,13-03-2026,Logistics,Active
Nova Finance Industries,HFTCJ3320O,,"96/949
Jain Path",541107,Hyderabad,Telangana,08-10-2011,28-01-2026,Logistics,Active
Titan Construction Solutions,FRYJB2456P,32FRYJB2456P6ZV,"H.No. 806, Singh Zila",770133,Siliguri,West Bengal,25-02-2020,06-02-2026,Technology,Active
Titan Construction Industries,SYQFQ2369U,15SYQFQ2369U9ZQ,"57/537, Comar Marg",2831,Madurai,Tamil Nadu,25-03-2017,21-11-2024,Services,Dormant
BlueNova Retail LLP,VZNMR4840A,35VZNMR4840A4ZY,"H.No. 308, Handa Chowk",410123,Pune,Maharashtra,20-07-2016,16-04-2026,Healthcare,Active
Nova Finance Pvt Ltd,OQXVB1375J,24OQXVB1375J8ZD,"01/838
Mannan Road",1884,Kolkata,West Bengal,27-10-2016,11-02-2025,Construction,Dormant
Apex Technologies Solutions,KZZAP9925P,14KZZAP9925P2ZK,"H.No. 387, Magar Path",926704,Bengaluru,Karnataka,04-05-2015,04-04-2026,Finance,Active
Quantum Logistics Pvt Ltd,RMQYI6664W,19RMQYI6664W7ZU,"47/424
Sathe Road",427568,New Delhi,Delhi,13-08-2012,10-05-2026,Construction,Active
Nova Finance Industries,HFTCJ3320O,27HFTCJ3320O7ZD,"96/949
Jain Path",541107,Hyderabad,Telangana,08-10-2011,28-01-2026,Logistics,Active
Zenith Healthcare Solutions,DLRTY4714D,36DLRTY4714D7ZP,"41
Dave Marg",660469,Mumbai,Maharashtra,10-04-2016,28-03-2026,Construction,Active
Zenith Healthcare Industries,KBHVE9855D,24KBHVE9855D3ZD,"69
Khare Zila",25167,Nagpur,Maharashtra,21-09-2012,28-01-2026,Retail,Active
EduSpark Learning Enterprises,OCCUV3807R,16OCCUV3807R2ZN,"H.No. 459, Krishna Nagar",193465,Warangal,Telangana,21-07-2015,10-05-2026,Logistics,Active
Nova Finance Enterprises,AREFE2806H,30AREFE2806H8ZJ,"H.No. 032, Vyas",312258,Vadodara,Gujarat,30-03-2019,01-10-2022,Manufacturing,Closed
Nova Finance LLP,TTZQK9389M,12TTZQK9389M9ZV,"94/777, Banerjee Marg",199454,Pune,Maharashtra,25-12-2012,25-11-2024,Food & Beverage,Dormant
Quantum Logistics LLP,AJLGI5523H,11AJLGI5523H2ZV,"54, Barad",845743,Mysuru,Karnataka,09-06-2020,24-03-2026,Manufacturing,Active
Apex Technologies Pvt Ltd,LVITY3702O,25LVITY3702O6ZH,"165
Sura Circle",256366,New Delhi,Delhi,28-05-2022,24-08-2025,Services,Closed
Quantum Logistics Solutions,OIMGG0236H,37OIMGG0236H6ZF,"35/658
Tiwari Path",889063,Ahmedabad,Gujarat,16-12-2022,06-05-2025,Construction,Dormant
Titan Construction LLP,EFVFE7889R,24EFVFE7889R9ZU,"55/004, Hora",508242,Mysuru,Karnataka,23-08-2011,06-05-2026,Retail,Active
BlueNova Retail Solutions,YPLUG1266C,13YPLUG1266C9ZP,"468, Solanki Marg",538345,Chennai,Tamil Nadu,15-05-2010,07-04-2024,Healthcare,Dormant
Vertex Solutions LLP,LPGNO6932R,35LPGNO6932R8ZR,"37/854
Jaggi Zila",733287,Surat,Gujarat,04-01-2014,04-03-2026,Manufacturing,Active
Orion Manufacturing LLP,NKZQW7892T,25NKZQW7892T3ZP,"H.No. 637
Dubey Zila",491942,Mumbai,Maharashtra,03-12-2014,11-03-2024,Services,Dormant
EduSpark Learning LLP,POROY4742W,12POROY4742W7ZZ,"84/85, Bassi Chowk",765626,Chennai,Tamil Nadu,14-03-2021,06-04-2026,Healthcare,Active
Orion Manufacturing Enterprises,GGZUX1654Y,19GGZUX1654Y7ZY,"694, Borra Chowk",489731,Vadodara,Gujarat,12-04-2021,24-04-2026,Services,Active
Vertex Solutions Industries,NRISO1637F,29NRISO1637F5ZS,"H.No. 44, Wali Marg",974780,Madurai,Tamil Nadu,09-02-2019,14-05-2026,Retail,Active
Orion Manufacturing Solutions,NSBED7716G,13NSBED7716G4ZM,"31
Jayaraman Road",519173,Coimbatore,Tamil Nadu,02-04-2020,05-05-2025,Finance,Dormant
Orion Manufacturing Enterprises,GGZUX1654Y,19GGZUX1654Y7ZY,"141
Krishna Circle",489731,Vadodara,Gujarat,12-04-2021,24-04-2026,Services,Active
Zenith Healthcare Industries,WZNKH5571V,23WZNKH5571V8ZR,"69/519, Din Road",454908,New Delhi,Delhi,20-01-2011,04-01-2014,Logistics,Closed
Orion Manufacturing Solutions,ZUNRO9182D,33ZUNRO9182D3ZR,"H.No. 018
Gandhi Street",91736,Vadodara,Gujarat,10-02-2016,18-04-2026,Retail,Active
Apex Technologies Solutions,MNSUJ8257G,10MNSUJ8257G6ZO,"H.No. 569, Gole",368607,New Delhi,Delhi,24-05-2019,15-02-2026,Food & Beverage,Active
Apex Technologies Pvt Ltd,QARKJ5416U,10QARKJ5416U7ZJ,"H.No. 86, Sundaram Ganj",506450,Nagpur,Maharashtra,07-04-2012,13-02-2025,Healthcare,Dormant
Nova Finance Enterprises,OORIA2020N,21OORIA2020N2ZW,"96/36, Bora Chowk",961435,Hubli,Karnataka,20-02-2022,07-05-2023,Construction,Closed
